"Guid","AccountSource","AnnualRevenue","BillingCity","BillingCountry","BillingGeocodeAccuracy","BillingLatitude","BillingLongitude","BillingPostalCode","BillingState","BillingStreet","CompanyEmail__c","Description","Fax","Industry","Jigsaw","Name","NumberOfEmployees","ParentId","Phone","SBQQ__AssetQuantitiesCombined__c","SBQQ__CoTermedContractsCombined__c","SBQQ__CoTerminationEvent__c","SBQQ__ContractCoTermination__c","SBQQ__IgnoreParentContractedPrices__c","SBQQ__PreserveBundle__c","SBQQ__PriceHoldEnd__c","SBQQ__RenewalModel__c","SBQQ__RenewalPricingMethod__c","SBQQ__TaxExempt__c","ShippingCity","ShippingCountry","ShippingGeocodeAccuracy","ShippingLatitude","ShippingLongitude","ShippingPostalCode","ShippingState","ShippingStreet","SicDesc","TestNumber__c","Test_Email__c","Test_Required_Field__c","Type","Website"
00ba6fcc-9c72-4109-8564-0cf69fe0745c,"#N/A","#N/A","#N/A","#N/A","#N/A","#N/A","#N/A","#N/A","#N/A","#N/A","#N/A","#N/A","#N/A","#N/A","#N/A",Test Account 9,"#N/A","#N/A","#N/A",false,false,"#N/A","#N/A",false,false,"#N/A","#N/A","#N/A","#N/A","#N/A","#N/A","#N/A","#N/A","#N/A","#N/A","#N/A","#N/A","#N/A","#N/A","#N/A","#N/A","#N/A","#N/A"
00ff48da-6a33-43de-af6c-495ac3e30b99,"#N/A","#N/A","#N/A","#N/A","#N/A","#N/A","#N/A","#N/A","#N/A","#N/A","#N/A","#N/A","#N/A","#N/A","#N/A",Test Account 5,"#N/A","#N/A","#N/A",false,false,"#N/A","#N/A",false,false,"#N/A","#N/A","#N/A","#N/A","#N/A","#N/A","#N/A","#N/A","#N/A","#N/A","#N/A","#N/A","#N/A","#N/A","#N/A","#N/A","#N/A","#N/A"
01212894-a082-45b5-a69c-ae6d88fc6880,"#N/A","#N/A","#N/A","#N/A","#N/A","#N/A","#N/A","#N/A","#N/A","#N/A","#N/A","#N/A","#N/A","#N/A","#N/A",Test Account 9,"#N/A","#N/A","#N/A",false,false,"#N/A","#N/A",false,false,"#N/A","#N/A","#N/A","#N/A","#N/A","#N/A","#N/A","#N/A","#N/A","#N/A","#N/A","#N/A","#N/A","#N/A","#N/A","#N/A","#N/A","#N/A"
01873b36-314f-42f9-ae1f-bc9700f65f71,"#N/A","#N/A","#N/A","#N/A","#N/A","#N/A","#N/A","#N/A","#N/A","#N/A","#N/A","#N/A","#N/A",Insurance,"#N/A",Test Account 6,50,"#N/A",(773) 748-2074,false,false,"#N/A",Never,false,true,"#N/A",Contract Based,Same,No,"#N/A","#N/A","#N/A","#N/A","#N/A","#N/A","#N/A","#N/A","#N/A","#N/A","#N/A","#N/A","#N/A",www.google.com
030322d6-98bf-4a21-9a41-2df6041a1ec2,"#N/A","#N/A","#N/A","#N/A","#N/A","#N/A","#N/A","#N/A","#N/A","#N/A","#N/A","#N/A","#N/A","#N/A","#N/A",Test Account 12,"#N/A","#N/A","#N/A",false,false,"#N/A",Never,false,true,"#N/A",Contract Based,Same,No,"#N/A","#N/A","#N/A","#N/A","#N/A","#N/A","#N/A","#N/A","#N/A","#N/A","#N/A","#N/A","#N/A","#N/A"
0406d01c-5515-4bd1-a4f6-257356c66408,"#N/A","#N/A","#N/A","#N/A","#N/A","#N/A","#N/A","#N/A","#N/A","#N/A","#N/A","#N/A","#N/A","#N/A","#N/A",Test Account 5,"#N/A","#N/A","#N/A",false,false,"#N/A",Never,false,false,"#N/A","#N/A",Same,No,"#N/A","#N/A","#N/A","#N/A","#N/A","#N/A","#N/A","#N/A","#N/A","#N/A","#N/A","#N/A","#N/A","#N/A"
0542ef89-dbf4-44a4-a6c5-2646340db9d3,"#N/A","#N/A","#N/A","#N/A","#N/A","#N/A","#N/A","#N/A","#N/A","#N/A","#N/A","#N/A","#N/A",Insurance,"#N/A",Test Account 6,50,"#N/A",(773) 748-2074,false,false,"#N/A","#N/A",false,false,"#N/A","#N/A","#N/A","#N/A","#N/A","#N/A","#N/A","#N/A","#N/A","#N/A","#N/A","#N/A","#N/A","#N/A","#N/A","#N/A","#N/A",www.google.com
07dc086a-6fca-493f-8718-5926403c028f,"#N/A","#N/A","#N/A","#N/A","#N/A","#N/A","#N/A","#N/A","#N/A","#N/A","#N/A","#N/A","#N/A","#N/A","#N/A",Test Account 8,"#N/A","#N/A","#N/A",false,false,"#N/A",Never,false,true,"#N/A",Contract Based,Same,No,"#N/A","#N/A","#N/A","#N/A","#N/A","#N/A","#N/A","#N/A","#N/A","#N/A","#N/A","#N/A","#N/A","#N/A"
088b25bb-0855-41bc-a942-8110b9a8bc44,"#N/A",5555.0,"#N/A","#N/A","#N/A","#N/A","#N/A","#N/A","#N/A","#N/A","#N/A","#N/A","#N/A",Government,"#N/A",Test Account 7,50,"#N/A",(656) 565-6565,false,false,"#N/A","#N/A",false,false,"#N/A","#N/A","#N/A","#N/A","#N/A","#N/A","#N/A","#N/A","#N/A","#N/A","#N/A","#N/A","#N/A","#N/A","#N/A","#N/A",Analyst,www.google.com
08c7510f-088b-454f-aa57-31b05d868477,"#N/A","#N/A","#N/A","#N/A","#N/A","#N/A","#N/A","#N/A","#N/A","#N/A","#N/A","#N/A","#N/A","#N/A","#N/A",Test Account 10,"#N/A","#N/A","#N/A",false,false,"#N/A",Never,false,true,"#N/A",Contract Based,Same,No,"#N/A","#N/A","#N/A","#N/A","#N/A","#N/A","#N/A","#N/A","#N/A","#N/A","#N/A","#N/A","#N/A","#N/A"
0c28da10-179b-4438-8796-32366e2c4173,"#N/A","#N/A","#N/A","#N/A","#N/A","#N/A","#N/A","#N/A","#N/A","#N/A","#N/A","#N/A","#N/A","#N/A","#N/A",Test Account 8,"#N/A","#N/A","#N/A",false,false,"#N/A","#N/A",false,false,"#N/A","#N/A","#N/A","#N/A","#N/A","#N/A","#N/A","#N/A","#N/A","#N/A","#N/A","#N/A","#N/A","#N/A","#N/A","#N/A","#N/A","#N/A"
0dabc376-dafd-4283-ac7a-a3b5c5577460,"#N/A","#N/A","#N/A","#N/A","#N/A","#N/A","#N/A","#N/A","#N/A","#N/A","#N/A","#N/A","#N/A","#N/A","#N/A",Test Account 10,"#N/A","#N/A","#N/A",false,false,"#N/A",Never,false,true,"#N/A",Contract Based,Same,No,"#N/A","#N/A","#N/A","#N/A","#N/A","#N/A","#N/A","#N/A","#N/A","#N/A","#N/A","#N/A","#N/A","#N/A"
0ece86dd-b6a1-441a-81bf-6b8fd9d5b962,"#N/A","#N/A","#N/A","#N/A","#N/A","#N/A","#N/A","#N/A","#N/A","#N/A","#N/A","#N/A","#N/A","#N/A","#N/A",Test Account 12,"#N/A","#N/A","#N/A",false,false,"#N/A",Never,false,true,"#N/A",Contract Based,Same,No,"#N/A","#N/A","#N/A","#N/A","#N/A","#N/A","#N/A","#N/A","#N/A","#N/A","#N/A","#N/A","#N/A","#N/A"
0ee68494-d18a-4967-bfa1-79d3ddc87ada,"#N/A","#N/A","#N/A","#N/A","#N/A","#N/A","#N/A","#N/A","#N/A","#N/A","#N/A","#N/A","#N/A",Insurance,"#N/A",Test Account 6,50,"#N/A",(773) 748-2074,false,false,"#N/A",Never,false,true,"#N/A",Contract Based,Same,No,"#N/A","#N/A","#N/A","#N/A","#N/A","#N/A","#N/A","#N/A","#N/A","#N/A","#N/A","#N/A","#N/A",www.google.com
0f1be838-6b27-4e1e-a449-2c82b0f6d1a6,"#N/A","#N/A","#N/A","#N/A","#N/A","#N/A","#N/A","#N/A","#N/A","#N/A","#N/A","#N/A","#N/A",Insurance,"#N/A",Test Account 6,50,"#N/A",(773) 748-2074,false,false,"#N/A",Never,false,true,"#N/A",Contract Based,Same,No,"#N/A","#N/A","#N/A","#N/A","#N/A","#N/A","#N/A","#N/A","#N/A","#N/A","#N/A","#N/A","#N/A",www.google.com
11874abb-5ce9-4bfc-a9df-0154cb3bf6bc,"#N/A","#N/A","#N/A","#N/A","#N/A","#N/A","#N/A","#N/A","#N/A","#N/A","#N/A","#N/A","#N/A","#N/A","#N/A",Test Account 10,"#N/A","#N/A","#N/A",false,false,"#N/A",Never,false,true,"#N/A",Contract Based,Same,No,"#N/A","#N/A","#N/A","#N/A","#N/A","#N/A","#N/A","#N/A","#N/A","#N/A","#N/A","#N/A","#N/A","#N/A"
1377e498-f4e0-4849-85f2-c2761884bb53,"#N/A",5555.0,"#N/A","#N/A","#N/A","#N/A","#N/A","#N/A","#N/A","#N/A","#N/A","#N/A","#N/A",Government,"#N/A",Test Account 7,50,"#N/A",(656) 565-6565,false,false,"#N/A","#N/A",false,false,"#N/A","#N/A","#N/A","#N/A","#N/A","#N/A","#N/A","#N/A","#N/A","#N/A","#N/A","#N/A","#N/A","#N/A","#N/A","#N/A",Analyst,www.google.com
1426bbe0-c8b5-44b8-b5b4-fbe1d2f3d99b,"#N/A","#N/A","#N/A","#N/A","#N/A","#N/A","#N/A","#N/A","#N/A","#N/A","#N/A","#N/A","#N/A","#N/A","#N/A",Test Account 5,"#N/A","#N/A","#N/A",false,false,"#N/A",Never,false,false,"#N/A","#N/A",Same,No,"#N/A","#N/A","#N/A","#N/A","#N/A","#N/A","#N/A","#N/A","#N/A","#N/A","#N/A","#N/A","#N/A","#N/A"
1a7cc573-0040-4094-84ff-ba427426f428,"#N/A","#N/A","#N/A","#N/A","#N/A","#N/A","#N/A","#N/A","#N/A","#N/A","#N/A","#N/A","#N/A","#N/A","#N/A",Test Account 10,"#N/A","#N/A","#N/A",false,false,"#N/A",Never,false,true,"#N/A",Contract Based,Same,No,"#N/A","#N/A","#N/A","#N/A","#N/A","#N/A","#N/A","#N/A","#N/A","#N/A","#N/A","#N/A","#N/A","#N/A"
1c741c11-7cfc-4ff2-9ee1-0bcc167e0320,"#N/A","#N/A","#N/A","#N/A","#N/A","#N/A","#N/A","#N/A","#N/A","#N/A","#N/A","#N/A","#N/A","#N/A","#N/A",Test Account 5,"#N/A","#N/A","#N/A",false,false,"#N/A",Never,false,false,"#N/A","#N/A",Same,No,"#N/A","#N/A","#N/A","#N/A","#N/A","#N/A","#N/A","#N/A","#N/A","#N/A","#N/A","#N/A","#N/A","#N/A"
1e683c0c-b3c8-4405-b927-c7c4f2dfd016,"#N/A","#N/A","#N/A","#N/A","#N/A","#N/A","#N/A","#N/A","#N/A","#N/A","#N/A","#N/A","#N/A","#N/A","#N/A",Test Account 12,"#N/A","#N/A","#N/A",false,false,"#N/A","#N/A",false,false,"#N/A","#N/A","#N/A","#N/A","#N/A","#N/A","#N/A","#N/A","#N/A","#N/A","#N/A","#N/A","#N/A","#N/A","#N/A","#N/A","#N/A","#N/A"
217c3051-d45f-474b-80bb-217f78c62865,"#N/A","#N/A","#N/A","#N/A","#N/A","#N/A","#N/A","#N/A","#N/A","#N/A","#N/A","#N/A","#N/A","#N/A","#N/A",Test Account 10,"#N/A","#N/A","#N/A",false,false,"#N/A",Never,false,true,"#N/A",Contract Based,Same,No,"#N/A","#N/A","#N/A","#N/A","#N/A","#N/A","#N/A","#N/A","#N/A","#N/A","#N/A","#N/A","#N/A","#N/A"
27849de4-3eb5-4766-a94d-22048146b24a,"#N/A","#N/A","#N/A","#N/A","#N/A","#N/A","#N/A","#N/A","#N/A","#N/A","#N/A","#N/A","#N/A",Insurance,"#N/A",Test Account 6,50,"#N/A",(773) 748-2074,false,false,"#N/A",Never,false,true,"#N/A",Contract Based,Same,No,"#N/A","#N/A","#N/A","#N/A","#N/A","#N/A","#N/A","#N/A","#N/A","#N/A","#N/A","#N/A","#N/A",www.google.com
2a242565-8801-4c29-99cf-45ad26b74196,"#N/A","#N/A","#N/A","#N/A","#N/A","#N/A","#N/A","#N/A","#N/A","#N/A","#N/A","#N/A","#N/A","#N/A","#N/A",Test Account 8,"#N/A","#N/A","#N/A",false,false,"#N/A",Never,false,true,"#N/A",Contract Based,Same,No,"#N/A","#N/A","#N/A","#N/A","#N/A","#N/A","#N/A","#N/A","#N/A","#N/A","#N/A","#N/A","#N/A","#N/A"
2a257523-be38-47de-8cdc-d48e018cd4b5,"#N/A","#N/A","#N/A","#N/A","#N/A","#N/A","#N/A","#N/A","#N/A","#N/A","#N/A","#N/A","#N/A","#N/A","#N/A",Test Account 10,"#N/A","#N/A","#N/A",false,false,"#N/A","#N/A",false,false,"#N/A","#N/A","#N/A","#N/A","#N/A","#N/A","#N/A","#N/A","#N/A","#N/A","#N/A","#N/A","#N/A","#N/A","#N/A","#N/A","#N/A","#N/A"
2d8a0e54-a214-4544-8421-453efc8de8ed,"#N/A","#N/A","#N/A","#N/A","#N/A","#N/A","#N/A","#N/A","#N/A","#N/A","#N/A","#N/A","#N/A","#N/A","#N/A",Test Account 9,"#N/A","#N/A","#N/A",false,false,"#N/A","#N/A",false,false,"#N/A","#N/A","#N/A","#N/A","#N/A","#N/A","#N/A","#N/A","#N/A","#N/A","#N/A","#N/A","#N/A","#N/A","#N/A","#N/A","#N/A","#N/A"
319f9dd1-d70c-49a1-9770-8528f115d647,"#N/A","#N/A","#N/A","#N/A","#N/A","#N/A","#N/A","#N/A","#N/A","#N/A","#N/A","#N/A","#N/A","#N/A","#N/A",Test Account 8,"#N/A","#N/A","#N/A",false,false,"#N/A",Never,false,true,"#N/A",Contract Based,Same,No,"#N/A","#N/A","#N/A","#N/A","#N/A","#N/A","#N/A","#N/A","#N/A","#N/A","#N/A","#N/A","#N/A","#N/A"
31ed88f1-8f8a-4964-bf74-9aebbff71aec,"#N/A","#N/A","#N/A","#N/A","#N/A","#N/A","#N/A","#N/A","#N/A","#N/A","#N/A","#N/A","#N/A","#N/A","#N/A",Test Account 8,"#N/A","#N/A","#N/A",false,false,"#N/A",Never,false,true,"#N/A",Contract Based,Same,No,"#N/A","#N/A","#N/A","#N/A","#N/A","#N/A","#N/A","#N/A","#N/A","#N/A","#N/A","#N/A","#N/A","#N/A"
33a1a6ea-0b98-449b-af5f-76e2b172143e,"#N/A",5555.0,"#N/A","#N/A","#N/A","#N/A","#N/A","#N/A","#N/A","#N/A","#N/A","#N/A","#N/A",Government,"#N/A",Test Account 7,50,"#N/A",(656) 565-6565,false,false,"#N/A",Never,false,false,"#N/A","#N/A",Same,No,"#N/A","#N/A","#N/A","#N/A","#N/A","#N/A","#N/A","#N/A","#N/A","#N/A","#N/A","#N/A",Analyst,www.google.com
33ffbee8-8af3-47d2-9809-7dc1986c58f2,"#N/A","#N/A","#N/A","#N/A","#N/A","#N/A","#N/A","#N/A","#N/A","#N/A","#N/A","#N/A","#N/A","#N/A","#N/A",Test Account 10,"#N/A","#N/A","#N/A",false,false,"#N/A","#N/A",false,false,"#N/A","#N/A","#N/A","#N/A","#N/A","#N/A","#N/A","#N/A","#N/A","#N/A","#N/A","#N/A","#N/A","#N/A","#N/A","#N/A","#N/A","#N/A"
36c97cf8-9d0c-4d0a-9293-5f96f7595c17,"#N/A","#N/A","#N/A","#N/A","#N/A","#N/A","#N/A","#N/A","#N/A","#N/A","#N/A","#N/A","#N/A","#N/A","#N/A",Test Account 8,"#N/A","#N/A","#N/A",false,false,"#N/A","#N/A",false,false,"#N/A","#N/A","#N/A","#N/A","#N/A","#N/A","#N/A","#N/A","#N/A","#N/A","#N/A","#N/A","#N/A","#N/A","#N/A","#N/A","#N/A","#N/A"
38c9ea56-5f58-45a8-9faf-686cf18f77f4,"#N/A",5555.0,"#N/A","#N/A","#N/A","#N/A","#N/A","#N/A","#N/A","#N/A","#N/A","#N/A","#N/A",Government,"#N/A",Test Account 7,50,"#N/A",(656) 565-6565,false,false,"#N/A",Never,false,false,"#N/A","#N/A",Same,No,"#N/A","#N/A","#N/A","#N/A","#N/A","#N/A","#N/A","#N/A","#N/A","#N/A","#N/A","#N/A",Analyst,www.google.com
392a5296-0f93-45d3-ba45-34fd33d7ee82,"#N/A","#N/A","#N/A","#N/A","#N/A","#N/A","#N/A","#N/A","#N/A","#N/A","#N/A","#N/A","#N/A","#N/A","#N/A",Test Account 12,"#N/A","#N/A","#N/A",false,false,"#N/A","#N/A",false,false,"#N/A","#N/A","#N/A","#N/A","#N/A","#N/A","#N/A","#N/A","#N/A","#N/A","#N/A","#N/A","#N/A","#N/A","#N/A","#N/A","#N/A","#N/A"
3cd5266f-ba4a-4c2d-83bc-f05a4198e9ce,"#N/A","#N/A","#N/A","#N/A","#N/A","#N/A","#N/A","#N/A","#N/A","#N/A","#N/A","#N/A","#N/A","#N/A","#N/A",Test Account 5,"#N/A","#N/A","#N/A",false,false,"#N/A",Never,false,false,"#N/A","#N/A",Same,No,"#N/A","#N/A","#N/A","#N/A","#N/A","#N/A","#N/A","#N/A","#N/A","#N/A","#N/A","#N/A","#N/A","#N/A"
3fc13e93-9b36-40bc-8755-a549b006fd87,"#N/A","#N/A","#N/A","#N/A","#N/A","#N/A","#N/A","#N/A","#N/A","#N/A","#N/A","#N/A","#N/A","#N/A","#N/A",Test Account 5,"#N/A","#N/A","#N/A",false,false,"#N/A","#N/A",false,false,"#N/A","#N/A","#N/A","#N/A","#N/A","#N/A","#N/A","#N/A","#N/A","#N/A","#N/A","#N/A","#N/A","#N/A","#N/A","#N/A","#N/A","#N/A"
4350a2b9-29bb-48dd-819d-a1962c5cf195,"#N/A","#N/A","#N/A","#N/A","#N/A","#N/A","#N/A","#N/A","#N/A","#N/A","#N/A","#N/A","#N/A","#N/A","#N/A",Test Account 8,"#N/A","#N/A","#N/A",false,false,"#N/A","#N/A",false,false,"#N/A","#N/A","#N/A","#N/A","#N/A","#N/A","#N/A","#N/A","#N/A","#N/A","#N/A","#N/A","#N/A","#N/A","#N/A","#N/A","#N/A","#N/A"
4709efec-9ad7-42c8-975a-c682c2af4807,"#N/A","#N/A","#N/A","#N/A","#N/A","#N/A","#N/A","#N/A","#N/A","#N/A","#N/A","#N/A","#N/A","#N/A","#N/A",Test Account 12,"#N/A","#N/A","#N/A",false,false,"#N/A",Never,false,true,"#N/A",Contract Based,Same,No,"#N/A","#N/A","#N/A","#N/A","#N/A","#N/A","#N/A","#N/A","#N/A","#N/A","#N/A","#N/A","#N/A","#N/A"
48bb5424-6b2d-47a4-86a7-acd8844cad7d,"#N/A","#N/A","#N/A","#N/A","#N/A","#N/A","#N/A","#N/A","#N/A","#N/A","#N/A","#N/A","#N/A","#N/A","#N/A",SBI Test Account,"#N/A","#N/A","#N/A",false,false,"#N/A","#N/A",false,false,"#N/A","#N/A","#N/A","#N/A","#N/A","#N/A","#N/A","#N/A","#N/A","#N/A","#N/A","#N/A","#N/A","#N/A","#N/A","#N/A","#N/A","#N/A"
4a34cf0e-397b-4d34-9797-f56f33d40507,"#N/A",5555.0,"#N/A","#N/A","#N/A","#N/A","#N/A","#N/A","#N/A","#N/A","#N/A","#N/A","#N/A",Government,"#N/A",Test Account 7,50,"#N/A",(656) 565-6565,false,false,"#N/A",Never,false,false,"#N/A","#N/A",Same,No,"#N/A","#N/A","#N/A","#N/A","#N/A","#N/A","#N/A","#N/A","#N/A","#N/A","#N/A","#N/A",Analyst,www.google.com
4aeac317-eb45-45ab-bd0c-d98a9abbecd2,"#N/A","#N/A","#N/A","#N/A","#N/A","#N/A","#N/A","#N/A","#N/A","#N/A","#N/A","#N/A","#N/A","#N/A","#N/A",Test Account 12,"#N/A","#N/A","#N/A",false,false,"#N/A",Never,false,true,"#N/A",Contract Based,Same,No,"#N/A","#N/A","#N/A","#N/A","#N/A","#N/A","#N/A","#N/A","#N/A","#N/A","#N/A","#N/A","#N/A","#N/A"
4b74e62e-0129-4d98-8f2d-e71d543a5468,"#N/A",5555.0,"#N/A","#N/A","#N/A","#N/A","#N/A","#N/A","#N/A","#N/A","#N/A","#N/A","#N/A",Government,"#N/A",Test Account 7,50,"#N/A",(656) 565-6565,false,false,"#N/A",Never,false,false,"#N/A","#N/A",Same,No,"#N/A","#N/A","#N/A","#N/A","#N/A","#N/A","#N/A","#N/A","#N/A","#N/A","#N/A","#N/A",Analyst,www.google.com
4fa1bf5f-2cd4-45c0-9d16-ea36fb521098,"#N/A","#N/A","#N/A","#N/A","#N/A","#N/A","#N/A","#N/A","#N/A","#N/A","#N/A","#N/A","#N/A","#N/A","#N/A",Test Account 12,"#N/A","#N/A","#N/A",false,false,"#N/A","#N/A",false,false,"#N/A","#N/A","#N/A","#N/A","#N/A","#N/A","#N/A","#N/A","#N/A","#N/A","#N/A","#N/A","#N/A","#N/A","#N/A","#N/A","#N/A","#N/A"
4fc77344-e9ae-4507-a146-67fc6d994038,"#N/A","#N/A","#N/A","#N/A","#N/A","#N/A","#N/A","#N/A","#N/A","#N/A","#N/A","#N/A","#N/A","#N/A","#N/A",Test Account 8,"#N/A","#N/A","#N/A",false,false,"#N/A",Never,false,true,"#N/A",Contract Based,Same,No,"#N/A","#N/A","#N/A","#N/A","#N/A","#N/A","#N/A","#N/A","#N/A","#N/A","#N/A","#N/A","#N/A","#N/A"
57b70a9d-2b04-45e4-8218-9c75b5709149,"#N/A",5555.0,"#N/A","#N/A","#N/A","#N/A","#N/A","#N/A","#N/A","#N/A","#N/A","#N/A","#N/A",Government,"#N/A",Test Account 7,50,"#N/A",(656) 565-6565,false,false,"#N/A","#N/A",false,false,"#N/A","#N/A","#N/A","#N/A","#N/A","#N/A","#N/A","#N/A","#N/A","#N/A","#N/A","#N/A","#N/A","#N/A","#N/A","#N/A",Analyst,www.google.com
59d52e9a-8963-4855-bbbf-ab0bf77eeba9,"#N/A","#N/A","#N/A","#N/A","#N/A","#N/A","#N/A","#N/A","#N/A","#N/A","#N/A","#N/A","#N/A","#N/A","#N/A",Test Account 10,"#N/A","#N/A","#N/A",false,false,"#N/A",Never,false,true,"#N/A",Contract Based,Same,No,"#N/A","#N/A","#N/A","#N/A","#N/A","#N/A","#N/A","#N/A","#N/A","#N/A","#N/A","#N/A","#N/A","#N/A"
5a349fd9-d48a-410a-95af-eb1bdeb774b4,"#N/A","#N/A","#N/A","#N/A","#N/A","#N/A","#N/A","#N/A","#N/A","#N/A","#N/A","#N/A","#N/A","#N/A","#N/A",Test Account 12,"#N/A","#N/A","#N/A",false,false,"#N/A",Never,false,true,"#N/A",Contract Based,Same,No,"#N/A","#N/A","#N/A","#N/A","#N/A","#N/A","#N/A","#N/A","#N/A","#N/A","#N/A","#N/A","#N/A","#N/A"
5a88a876-7cad-4499-ac77-f789b7f4c988,"#N/A","#N/A","#N/A","#N/A","#N/A","#N/A","#N/A","#N/A","#N/A","#N/A","#N/A","#N/A","#N/A",Insurance,"#N/A",Test Account 6,50,"#N/A",(773) 748-2074,false,false,"#N/A",Never,false,true,"#N/A",Contract Based,Same,No,"#N/A","#N/A","#N/A","#N/A","#N/A","#N/A","#N/A","#N/A","#N/A","#N/A","#N/A","#N/A","#N/A",www.google.com
5ac837a0-8a73-4107-a713-27ce9c4b00f7,"#N/A","#N/A","#N/A","#N/A","#N/A","#N/A","#N/A","#N/A","#N/A","#N/A","#N/A","#N/A","#N/A","#N/A","#N/A",Test Account 12,"#N/A","#N/A","#N/A",false,false,"#N/A","#N/A",false,false,"#N/A","#N/A","#N/A","#N/A","#N/A","#N/A","#N/A","#N/A","#N/A","#N/A","#N/A","#N/A","#N/A","#N/A","#N/A","#N/A","#N/A","#N/A"
5e41d69c-8b20-49d5-884c-c21d002e49e4,"#N/A","#N/A","#N/A","#N/A","#N/A","#N/A","#N/A","#N/A","#N/A","#N/A","#N/A","#N/A","#N/A","#N/A","#N/A",SBI Test Account,"#N/A","#N/A","#N/A",false,false,"#N/A","#N/A",false,false,"#N/A","#N/A","#N/A","#N/A","#N/A","#N/A","#N/A","#N/A","#N/A","#N/A","#N/A","#N/A","#N/A","#N/A","#N/A","#N/A","#N/A","#N/A"
614f6bd3-49f5-4041-9d4b-2fbc8bb30259,"#N/A","#N/A","#N/A","#N/A","#N/A","#N/A","#N/A","#N/A","#N/A","#N/A","#N/A","#N/A","#N/A",Insurance,"#N/A",Test Account 6,50,"#N/A",(773) 748-2074,false,false,"#N/A","#N/A",false,false,"#N/A","#N/A","#N/A","#N/A","#N/A","#N/A","#N/A","#N/A","#N/A","#N/A","#N/A","#N/A","#N/A","#N/A","#N/A","#N/A","#N/A",www.google.com
614fc2b3-a756-46a9-8e71-0aaf84c218cf,"#N/A","#N/A","#N/A","#N/A","#N/A","#N/A","#N/A","#N/A","#N/A","#N/A","#N/A","#N/A","#N/A","#N/A","#N/A",Test Account 8,"#N/A","#N/A","#N/A",false,false,"#N/A",Never,false,true,"#N/A",Contract Based,Same,No,"#N/A","#N/A","#N/A","#N/A","#N/A","#N/A","#N/A","#N/A","#N/A","#N/A","#N/A","#N/A","#N/A","#N/A"
64091f98-e334-4aa2-901a-ee183761a2e5,"#N/A","#N/A","#N/A","#N/A","#N/A","#N/A","#N/A","#N/A","#N/A","#N/A","#N/A","#N/A","#N/A","#N/A","#N/A",Test Account 5,"#N/A","#N/A","#N/A",false,false,"#N/A",Never,false,false,"#N/A","#N/A",Same,No,"#N/A","#N/A","#N/A","#N/A","#N/A","#N/A","#N/A","#N/A","#N/A","#N/A","#N/A","#N/A","#N/A","#N/A"
66055ebf-0424-4f61-983f-e661b50a352f,"#N/A","#N/A","#N/A","#N/A","#N/A","#N/A","#N/A","#N/A","#N/A","#N/A","#N/A","#N/A","#N/A","#N/A","#N/A",Test Account 8,"#N/A","#N/A","#N/A",false,false,"#N/A",Never,false,true,"#N/A",Contract Based,Same,No,"#N/A","#N/A","#N/A","#N/A","#N/A","#N/A","#N/A","#N/A","#N/A","#N/A","#N/A","#N/A","#N/A","#N/A"
68a62e65-761a-411c-a75d-e5f222dcb71c,"#N/A","#N/A","#N/A","#N/A","#N/A","#N/A","#N/A","#N/A","#N/A","#N/A","#N/A","#N/A","#N/A",Insurance,"#N/A",Test Account 6,50,"#N/A",(773) 748-2074,false,false,"#N/A",Never,false,true,"#N/A",Contract Based,Same,No,"#N/A","#N/A","#N/A","#N/A","#N/A","#N/A","#N/A","#N/A","#N/A","#N/A","#N/A","#N/A","#N/A",www.google.com
68a9bd2d-42b4-4788-9712-f8531f8698a3,"#N/A","#N/A","#N/A","#N/A","#N/A","#N/A","#N/A","#N/A","#N/A","#N/A","#N/A","#N/A","#N/A","#N/A","#N/A",Test Account 9,"#N/A","#N/A","#N/A",false,false,"#N/A",Never,false,true,"#N/A",Contract Based,Same,No,"#N/A","#N/A","#N/A","#N/A","#N/A","#N/A","#N/A","#N/A","#N/A","#N/A","#N/A","#N/A","#N/A","#N/A"
6a126ec4-e980-463b-82ca-7addab02fb29,"#N/A","#N/A","#N/A","#N/A","#N/A","#N/A","#N/A","#N/A","#N/A","#N/A","#N/A","#N/A","#N/A","#N/A","#N/A",Test Account 5,"#N/A","#N/A","#N/A",false,false,"#N/A",Never,false,false,"#N/A","#N/A",Same,No,"#N/A","#N/A","#N/A","#N/A","#N/A","#N/A","#N/A","#N/A","#N/A","#N/A","#N/A","#N/A","#N/A","#N/A"
6c994104-c212-4b64-bc94-fac7e3b1fbd2,"#N/A","#N/A","#N/A","#N/A","#N/A","#N/A","#N/A","#N/A","#N/A","#N/A","#N/A","#N/A","#N/A","#N/A","#N/A",SBI Test Account,"#N/A","#N/A","#N/A",false,false,"#N/A","#N/A",false,false,"#N/A","#N/A","#N/A","#N/A","#N/A","#N/A","#N/A","#N/A","#N/A","#N/A","#N/A","#N/A","#N/A","#N/A","#N/A","#N/A","#N/A","#N/A"
6db65974-e735-4cdc-a66a-a19d9008e65f,"#N/A",5555.0,"#N/A","#N/A","#N/A","#N/A","#N/A","#N/A","#N/A","#N/A","#N/A","#N/A","#N/A",Government,"#N/A",Test Account 7,50,"#N/A",(656) 565-6565,false,false,"#N/A","#N/A",false,false,"#N/A","#N/A","#N/A","#N/A","#N/A","#N/A","#N/A","#N/A","#N/A","#N/A","#N/A","#N/A","#N/A","#N/A","#N/A","#N/A",Analyst,www.google.com
6ebdd8ad-7b21-4592-ada8-d6dfa9a28a79,"#N/A","#N/A","#N/A","#N/A","#N/A","#N/A","#N/A","#N/A","#N/A","#N/A","#N/A","#N/A","#N/A",Insurance,"#N/A",Test Account 6,50,"#N/A",(773) 748-2074,false,false,"#N/A",Never,false,true,"#N/A",Contract Based,Same,No,"#N/A","#N/A","#N/A","#N/A","#N/A","#N/A","#N/A","#N/A","#N/A","#N/A","#N/A","#N/A","#N/A",www.google.com
6fd01173-d0f8-4260-a94e-7658833ee982,"#N/A",5555.0,"#N/A","#N/A","#N/A","#N/A","#N/A","#N/A","#N/A","#N/A","#N/A","#N/A","#N/A",Government,"#N/A",Test Account 7,50,"#N/A",(656) 565-6565,false,false,"#N/A","#N/A",false,false,"#N/A","#N/A","#N/A","#N/A","#N/A","#N/A","#N/A","#N/A","#N/A","#N/A","#N/A","#N/A","#N/A","#N/A","#N/A","#N/A",Analyst,www.google.com
718116f7-58cc-4f3c-8487-3601916ac7d4,"#N/A","#N/A","#N/A","#N/A","#N/A","#N/A","#N/A","#N/A","#N/A","#N/A","#N/A","#N/A","#N/A","#N/A","#N/A",Test Account 10,"#N/A","#N/A","#N/A",false,false,"#N/A",Never,false,true,"#N/A",Contract Based,Same,No,"#N/A","#N/A","#N/A","#N/A","#N/A","#N/A","#N/A","#N/A","#N/A","#N/A","#N/A","#N/A","#N/A","#N/A"
7289e163-76ca-4baa-9e2b-e70eb312525a,"#N/A","#N/A","#N/A","#N/A","#N/A","#N/A","#N/A","#N/A","#N/A","#N/A","#N/A","#N/A","#N/A","#N/A","#N/A",Test Account 9,"#N/A","#N/A","#N/A",false,false,"#N/A",Never,false,true,"#N/A",Contract Based,Same,No,"#N/A","#N/A","#N/A","#N/A","#N/A","#N/A","#N/A","#N/A","#N/A","#N/A","#N/A","#N/A","#N/A","#N/A"
74fec67e-d26a-4d3e-bfab-63e163881d2e,"#N/A",5555.0,"#N/A","#N/A","#N/A","#N/A","#N/A","#N/A","#N/A","#N/A","#N/A","#N/A","#N/A",Government,"#N/A",Test Account 7,50,"#N/A",(656) 565-6565,false,false,"#N/A","#N/A",false,false,"#N/A","#N/A","#N/A","#N/A","#N/A","#N/A","#N/A","#N/A","#N/A","#N/A","#N/A","#N/A","#N/A","#N/A","#N/A","#N/A",Analyst,www.google.com
78cad21c-7a1e-40ad-979c-369ddc388e81,"#N/A","#N/A","#N/A","#N/A","#N/A","#N/A","#N/A","#N/A","#N/A","#N/A","#N/A","#N/A","#N/A","#N/A","#N/A",Test Account 8,"#N/A","#N/A","#N/A",false,false,"#N/A","#N/A",false,false,"#N/A","#N/A","#N/A","#N/A","#N/A","#N/A","#N/A","#N/A","#N/A","#N/A","#N/A","#N/A","#N/A","#N/A","#N/A","#N/A","#N/A","#N/A"
78e36bad-2eab-4930-a64f-60e43144e0ae,"#N/A",5555.0,"#N/A","#N/A","#N/A","#N/A","#N/A","#N/A","#N/A","#N/A","#N/A","#N/A","#N/A",Government,"#N/A",Test Account 7,50,"#N/A",(656) 565-6565,false,false,"#N/A","#N/A",false,false,"#N/A","#N/A","#N/A","#N/A","#N/A","#N/A","#N/A","#N/A","#N/A","#N/A","#N/A","#N/A","#N/A","#N/A","#N/A","#N/A",Analyst,www.google.com
7a60f14a-1e78-4393-aac4-e2e2ee0d7468,"#N/A","#N/A","#N/A","#N/A","#N/A","#N/A","#N/A","#N/A","#N/A","#N/A","#N/A","#N/A","#N/A",Insurance,"#N/A",Test Account 6,50,"#N/A",(773) 748-2074,false,false,"#N/A",Never,false,true,"#N/A",Contract Based,Same,No,"#N/A","#N/A","#N/A","#N/A","#N/A","#N/A","#N/A","#N/A","#N/A","#N/A","#N/A","#N/A","#N/A",www.google.com
7b4f03e0-481f-48d5-b8a4-b74720c261b3,"#N/A","#N/A","#N/A","#N/A","#N/A","#N/A","#N/A","#N/A","#N/A","#N/A","#N/A","#N/A","#N/A",Insurance,"#N/A",Test Account 6,50,"#N/A",(773) 748-2074,false,false,"#N/A","#N/A",false,false,"#N/A","#N/A","#N/A","#N/A","#N/A","#N/A","#N/A","#N/A","#N/A","#N/A","#N/A","#N/A","#N/A","#N/A","#N/A","#N/A","#N/A",www.google.com
7b9d29ac-ab15-4989-9527-42d872042a2c,"#N/A","#N/A","#N/A","#N/A","#N/A","#N/A","#N/A","#N/A","#N/A","#N/A","#N/A","#N/A","#N/A","#N/A","#N/A",Test Account 5,"#N/A","#N/A","#N/A",false,false,"#N/A",Never,false,false,"#N/A","#N/A",Same,No,"#N/A","#N/A","#N/A","#N/A","#N/A","#N/A","#N/A","#N/A","#N/A","#N/A","#N/A","#N/A","#N/A","#N/A"
7cc972da-3488-43a3-953d-d592306698e9,"#N/A","#N/A","#N/A","#N/A","#N/A","#N/A","#N/A","#N/A","#N/A","#N/A","#N/A","#N/A","#N/A",Insurance,"#N/A",Test Account 6,50,"#N/A",(773) 748-2074,false,false,"#N/A","#N/A",false,false,"#N/A","#N/A","#N/A","#N/A","#N/A","#N/A","#N/A","#N/A","#N/A","#N/A","#N/A","#N/A","#N/A","#N/A","#N/A","#N/A","#N/A",www.google.com
7ef5b07b-ba90-42f0-8464-05616f8854bb,"#N/A","#N/A","#N/A","#N/A","#N/A","#N/A","#N/A","#N/A","#N/A","#N/A","#N/A","#N/A","#N/A","#N/A","#N/A",Test Account 12,"#N/A","#N/A","#N/A",false,false,"#N/A",Never,false,true,"#N/A",Contract Based,Same,No,"#N/A","#N/A","#N/A","#N/A","#N/A","#N/A","#N/A","#N/A","#N/A","#N/A","#N/A","#N/A","#N/A","#N/A"
7f646fab-711a-41f5-9999-c467253ae629,"#N/A","#N/A","#N/A","#N/A","#N/A","#N/A","#N/A","#N/A","#N/A","#N/A","#N/A","#N/A","#N/A","#N/A","#N/A",Test Account 9,"#N/A","#N/A","#N/A",false,false,"#N/A",Never,false,true,"#N/A",Contract Based,Same,No,"#N/A","#N/A","#N/A","#N/A","#N/A","#N/A","#N/A","#N/A","#N/A","#N/A","#N/A","#N/A","#N/A","#N/A"
800bef71-3cc9-4252-a61c-43d93ef41624,"#N/A","#N/A","#N/A","#N/A","#N/A","#N/A","#N/A","#N/A","#N/A","#N/A","#N/A","#N/A","#N/A","#N/A","#N/A",Test Account 5,"#N/A","#N/A","#N/A",false,false,"#N/A",Never,false,false,"#N/A","#N/A",Same,No,"#N/A","#N/A","#N/A","#N/A","#N/A","#N/A","#N/A","#N/A","#N/A","#N/A","#N/A","#N/A","#N/A","#N/A"
810b4086-4f12-4f4b-abe9-581f35393111,"#N/A",5555.0,"#N/A","#N/A","#N/A","#N/A","#N/A","#N/A","#N/A","#N/A","#N/A","#N/A","#N/A",Government,"#N/A",Test Account 7,50,"#N/A",(656) 565-6565,false,false,"#N/A",Never,false,false,"#N/A","#N/A",Same,No,"#N/A","#N/A","#N/A","#N/A","#N/A","#N/A","#N/A","#N/A","#N/A","#N/A","#N/A","#N/A",Analyst,www.google.com
81e95f3d-5848-4b99-afed-6f986496e294,"#N/A","#N/A","#N/A","#N/A","#N/A","#N/A","#N/A","#N/A","#N/A","#N/A","#N/A","#N/A","#N/A","#N/A","#N/A",Test Account 10,"#N/A","#N/A","#N/A",false,false,"#N/A","#N/A",false,false,"#N/A","#N/A","#N/A","#N/A","#N/A","#N/A","#N/A","#N/A","#N/A","#N/A","#N/A","#N/A","#N/A","#N/A","#N/A","#N/A","#N/A","#N/A"
82c78b8f-6313-4fc0-8bbd-44d648f4550d,"#N/A","#N/A","#N/A","#N/A","#N/A","#N/A","#N/A","#N/A","#N/A","#N/A","#N/A","#N/A","#N/A","#N/A","#N/A",Test Account 12,"#N/A","#N/A","#N/A",false,false,"#N/A","#N/A",false,false,"#N/A","#N/A","#N/A","#N/A","#N/A","#N/A","#N/A","#N/A","#N/A","#N/A","#N/A","#N/A","#N/A","#N/A","#N/A","#N/A","#N/A","#N/A"
84f63e4c-cd7e-4b40-9a7c-a1e1c8bdbdcc,"#N/A","#N/A","#N/A","#N/A","#N/A","#N/A","#N/A","#N/A","#N/A","#N/A","#N/A","#N/A","#N/A","#N/A","#N/A",Test Account 9,"#N/A","#N/A","#N/A",false,false,"#N/A","#N/A",false,false,"#N/A","#N/A","#N/A","#N/A","#N/A","#N/A","#N/A","#N/A","#N/A","#N/A","#N/A","#N/A","#N/A","#N/A","#N/A","#N/A","#N/A","#N/A"
85a834d8-7613-4f5d-a347-d2f21a921c12,"#N/A","#N/A","#N/A","#N/A","#N/A","#N/A","#N/A","#N/A","#N/A","#N/A","#N/A","#N/A","#N/A","#N/A","#N/A",Test Account 12,"#N/A","#N/A","#N/A",false,false,"#N/A",Never,false,true,"#N/A",Contract Based,Same,No,"#N/A","#N/A","#N/A","#N/A","#N/A","#N/A","#N/A","#N/A","#N/A","#N/A","#N/A","#N/A","#N/A","#N/A"
8c26e359-99a6-4344-8510-e73e5ba1f04f,"#N/A","#N/A","#N/A","#N/A","#N/A","#N/A","#N/A","#N/A","#N/A","#N/A","#N/A","#N/A","#N/A","#N/A","#N/A",SBI Test Account,"#N/A","#N/A","#N/A",false,false,"#N/A","#N/A",false,false,"#N/A","#N/A","#N/A","#N/A","#N/A","#N/A","#N/A","#N/A","#N/A","#N/A","#N/A","#N/A","#N/A","#N/A","#N/A","#N/A","#N/A","#N/A"
8d547c15-b5ea-4cf2-9688-d3b3252f0286,"#N/A","#N/A","#N/A","#N/A","#N/A","#N/A","#N/A","#N/A","#N/A","#N/A","#N/A","#N/A","#N/A","#N/A","#N/A",Test Account 8,"#N/A","#N/A","#N/A",false,false,"#N/A",Never,false,true,"#N/A",Contract Based,Same,No,"#N/A","#N/A","#N/A","#N/A","#N/A","#N/A","#N/A","#N/A","#N/A","#N/A","#N/A","#N/A","#N/A","#N/A"
8f33c94a-0ca0-4061-a668-30922d1b12d4,"#N/A","#N/A","#N/A","#N/A","#N/A","#N/A","#N/A","#N/A","#N/A","#N/A","#N/A","#N/A","#N/A","#N/A","#N/A",Test Account 8,"#N/A","#N/A","#N/A",false,false,"#N/A","#N/A",false,false,"#N/A","#N/A","#N/A","#N/A","#N/A","#N/A","#N/A","#N/A","#N/A","#N/A","#N/A","#N/A","#N/A","#N/A","#N/A","#N/A","#N/A","#N/A"
90042ca0-ed12-4484-962a-ee2dbddc837e,"#N/A","#N/A","#N/A","#N/A","#N/A","#N/A","#N/A","#N/A","#N/A","#N/A","#N/A","#N/A","#N/A","#N/A","#N/A",Test Account 5,"#N/A","#N/A","#N/A",false,false,"#N/A","#N/A",false,false,"#N/A","#N/A","#N/A","#N/A","#N/A","#N/A","#N/A","#N/A","#N/A","#N/A","#N/A","#N/A","#N/A","#N/A","#N/A","#N/A","#N/A","#N/A"
90560f44-f1a2-4346-8bc1-76a48cc45d00,"#N/A","#N/A","#N/A","#N/A","#N/A","#N/A","#N/A","#N/A","#N/A","#N/A","#N/A","#N/A","#N/A","#N/A","#N/A",Test Account 5,"#N/A","#N/A","#N/A",false,false,"#N/A",Never,false,false,"#N/A","#N/A",Same,No,"#N/A","#N/A","#N/A","#N/A","#N/A","#N/A","#N/A","#N/A","#N/A","#N/A","#N/A","#N/A","#N/A","#N/A"
90cb3fd7-a545-4c3e-af5a-fbf1e6810ed6,"#N/A","#N/A","#N/A","#N/A","#N/A","#N/A","#N/A","#N/A","#N/A","#N/A","#N/A","#N/A","#N/A","#N/A","#N/A",Test Account 5,"#N/A","#N/A","#N/A",false,false,"#N/A","#N/A",false,false,"#N/A","#N/A","#N/A","#N/A","#N/A","#N/A","#N/A","#N/A","#N/A","#N/A","#N/A","#N/A","#N/A","#N/A","#N/A","#N/A","#N/A","#N/A"
92aaa8b8-47fd-4dd5-bdb7-3f8df8f3c69b,"#N/A","#N/A","#N/A","#N/A","#N/A","#N/A","#N/A","#N/A","#N/A","#N/A","#N/A","#N/A","#N/A","#N/A","#N/A",SBI Test Account,"#N/A","#N/A","#N/A",false,false,"#N/A","#N/A",false,false,"#N/A","#N/A","#N/A","#N/A","#N/A","#N/A","#N/A","#N/A","#N/A","#N/A","#N/A","#N/A","#N/A","#N/A","#N/A","#N/A","#N/A","#N/A"
95830e47-cf78-48a8-b071-378a8f929e97,"#N/A","#N/A","#N/A","#N/A","#N/A","#N/A","#N/A","#N/A","#N/A","#N/A","#N/A","#N/A","#N/A","#N/A","#N/A",Test Account 9,"#N/A","#N/A","#N/A",false,false,"#N/A","#N/A",false,false,"#N/A","#N/A","#N/A","#N/A","#N/A","#N/A","#N/A","#N/A","#N/A","#N/A","#N/A","#N/A","#N/A","#N/A","#N/A","#N/A","#N/A","#N/A"
96fa4e8b-4e30-42f5-873f-78bc7757ac5c,"#N/A","#N/A","#N/A","#N/A","#N/A","#N/A","#N/A","#N/A","#N/A","#N/A","#N/A","#N/A","#N/A","#N/A","#N/A",Test Account 12,"#N/A","#N/A","#N/A",false,false,"#N/A",Never,false,true,"#N/A",Contract Based,Same,No,"#N/A","#N/A","#N/A","#N/A","#N/A","#N/A","#N/A","#N/A","#N/A","#N/A","#N/A","#N/A","#N/A","#N/A"
9801a807-e1f5-4205-9976-461ebcc720fa,"#N/A","#N/A","#N/A","#N/A","#N/A","#N/A","#N/A","#N/A","#N/A","#N/A","#N/A","#N/A","#N/A","#N/A","#N/A",Test Account 9,"#N/A","#N/A","#N/A",false,false,"#N/A","#N/A",false,false,"#N/A","#N/A","#N/A","#N/A","#N/A","#N/A","#N/A","#N/A","#N/A","#N/A","#N/A","#N/A","#N/A","#N/A","#N/A","#N/A","#N/A","#N/A"
98d8b561-cf29-4576-a0f5-134f1ddb29aa,"#N/A","#N/A","#N/A","#N/A","#N/A","#N/A","#N/A","#N/A","#N/A","#N/A","#N/A","#N/A","#N/A","#N/A","#N/A",Test Account 10,"#N/A","#N/A","#N/A",false,false,"#N/A","#N/A",false,false,"#N/A","#N/A","#N/A","#N/A","#N/A","#N/A","#N/A","#N/A","#N/A","#N/A","#N/A","#N/A","#N/A","#N/A","#N/A","#N/A","#N/A","#N/A"
99962347-e7a7-46ca-9edc-6b694534dff7,"#N/A","#N/A","#N/A","#N/A","#N/A","#N/A","#N/A","#N/A","#N/A","#N/A","#N/A","#N/A","#N/A",Insurance,"#N/A",Test Account 6,50,"#N/A",(773) 748-2074,false,false,"#N/A",Never,false,true,"#N/A",Contract Based,Same,No,"#N/A","#N/A","#N/A","#N/A","#N/A","#N/A","#N/A","#N/A","#N/A","#N/A","#N/A","#N/A","#N/A",www.google.com
99d61d29-08af-4774-9034-d842103a2e40,"#N/A","#N/A","#N/A","#N/A","#N/A","#N/A","#N/A","#N/A","#N/A","#N/A","#N/A","#N/A","#N/A","#N/A","#N/A",Test Account 9,"#N/A","#N/A","#N/A",false,false,"#N/A",Never,false,true,"#N/A",Contract Based,Same,No,"#N/A","#N/A","#N/A","#N/A","#N/A","#N/A","#N/A","#N/A","#N/A","#N/A","#N/A","#N/A","#N/A","#N/A"
9bf2b5d6-d4c5-49c2-be06-c75c936cb164,"#N/A","#N/A","#N/A","#N/A","#N/A","#N/A","#N/A","#N/A","#N/A","#N/A","#N/A","#N/A","#N/A","#N/A","#N/A",Test Account 10,"#N/A","#N/A","#N/A",false,false,"#N/A",Never,false,true,"#N/A",Contract Based,Same,No,"#N/A","#N/A","#N/A","#N/A","#N/A","#N/A","#N/A","#N/A","#N/A","#N/A","#N/A","#N/A","#N/A","#N/A"
9c138ff6-5416-4604-a7d2-1173b10d64a3,"#N/A","#N/A","#N/A","#N/A","#N/A","#N/A","#N/A","#N/A","#N/A","#N/A","#N/A","#N/A","#N/A","#N/A","#N/A",Test Account 9,"#N/A","#N/A","#N/A",false,false,"#N/A",Never,false,true,"#N/A",Contract Based,Same,No,"#N/A","#N/A","#N/A","#N/A","#N/A","#N/A","#N/A","#N/A","#N/A","#N/A","#N/A","#N/A","#N/A","#N/A"
9cdba54c-f0a7-48d1-ab86-5686a2393750,"#N/A","#N/A","#N/A","#N/A","#N/A","#N/A","#N/A","#N/A","#N/A","#N/A","#N/A","#N/A","#N/A","#N/A","#N/A",Test Account 8,"#N/A","#N/A","#N/A",false,false,"#N/A","#N/A",false,false,"#N/A","#N/A","#N/A","#N/A","#N/A","#N/A","#N/A","#N/A","#N/A","#N/A","#N/A","#N/A","#N/A","#N/A","#N/A","#N/A","#N/A","#N/A"
9e52fbb7-0b24-44b6-9eeb-e37b2a943a23,"#N/A","#N/A","#N/A","#N/A","#N/A","#N/A","#N/A","#N/A","#N/A","#N/A","#N/A","#N/A","#N/A","#N/A","#N/A",Test Account 9,"#N/A","#N/A","#N/A",false,false,"#N/A",Never,false,true,"#N/A",Contract Based,Same,No,"#N/A","#N/A","#N/A","#N/A","#N/A","#N/A","#N/A","#N/A","#N/A","#N/A","#N/A","#N/A","#N/A","#N/A"
9fcf12e0-8590-4915-9ee1-b950511050c2,"#N/A","#N/A","#N/A","#N/A","#N/A","#N/A","#N/A","#N/A","#N/A","#N/A","#N/A","#N/A","#N/A","#N/A","#N/A",Test Account 12,"#N/A","#N/A","#N/A",false,false,"#N/A",Never,false,true,"#N/A",Contract Based,Same,No,"#N/A","#N/A","#N/A","#N/A","#N/A","#N/A","#N/A","#N/A","#N/A","#N/A","#N/A","#N/A","#N/A","#N/A"
a342bb2c-2c60-47ba-9ed1-b71fe64c7656,"#N/A","#N/A","#N/A","#N/A","#N/A","#N/A","#N/A","#N/A","#N/A","#N/A","#N/A","#N/A","#N/A","#N/A","#N/A",Test Account 9,"#N/A","#N/A","#N/A",false,false,"#N/A",Never,false,true,"#N/A",Contract Based,Same,No,"#N/A","#N/A","#N/A","#N/A","#N/A","#N/A","#N/A","#N/A","#N/A","#N/A","#N/A","#N/A","#N/A","#N/A"
a7ace2f4-38c4-406a-8208-be14c6f0cf09,"#N/A","#N/A","#N/A","#N/A","#N/A","#N/A","#N/A","#N/A","#N/A","#N/A","#N/A","#N/A","#N/A","#N/A","#N/A",Test Account 12,"#N/A","#N/A","#N/A",false,false,"#N/A","#N/A",false,false,"#N/A","#N/A","#N/A","#N/A","#N/A","#N/A","#N/A","#N/A","#N/A","#N/A","#N/A","#N/A","#N/A","#N/A","#N/A","#N/A","#N/A","#N/A"
a8862a94-652f-48fc-85f9-8c85c1603fe6,"#N/A","#N/A","#N/A","#N/A","#N/A","#N/A","#N/A","#N/A","#N/A","#N/A","#N/A","#N/A","#N/A","#N/A","#N/A",Test Account 12,"#N/A","#N/A","#N/A",false,false,"#N/A",Never,false,true,"#N/A",Contract Based,Same,No,"#N/A","#N/A","#N/A","#N/A","#N/A","#N/A","#N/A","#N/A","#N/A","#N/A","#N/A","#N/A","#N/A","#N/A"
a94a618f-8600-4385-9d72-e6757a36b2ff,"#N/A","#N/A","#N/A","#N/A","#N/A","#N/A","#N/A","#N/A","#N/A","#N/A","#N/A","#N/A","#N/A","#N/A","#N/A",Test Account 10,"#N/A","#N/A","#N/A",false,false,"#N/A",Never,false,true,"#N/A",Contract Based,Same,No,"#N/A","#N/A","#N/A","#N/A","#N/A","#N/A","#N/A","#N/A","#N/A","#N/A","#N/A","#N/A","#N/A","#N/A"
ac66feea-299d-466a-ba14-3a06c88fe48e,"#N/A",5555.0,"#N/A","#N/A","#N/A","#N/A","#N/A","#N/A","#N/A","#N/A","#N/A","#N/A","#N/A",Government,"#N/A",Test Account 7,50,"#N/A",(656) 565-6565,false,false,"#N/A",Never,false,false,"#N/A","#N/A",Same,No,"#N/A","#N/A","#N/A","#N/A","#N/A","#N/A","#N/A","#N/A","#N/A","#N/A","#N/A","#N/A",Analyst,www.google.com
ad2ce905-8003-4701-9c45-20623115cddb,"#N/A","#N/A","#N/A","#N/A","#N/A","#N/A","#N/A","#N/A","#N/A","#N/A","#N/A","#N/A","#N/A","#N/A","#N/A",Test Account 10,"#N/A","#N/A","#N/A",false,false,"#N/A","#N/A",false,false,"#N/A","#N/A","#N/A","#N/A","#N/A","#N/A","#N/A","#N/A","#N/A","#N/A","#N/A","#N/A","#N/A","#N/A","#N/A","#N/A","#N/A","#N/A"
aeded3ec-e1f3-4f81-b50a-d4325377f377,"#N/A","#N/A","#N/A","#N/A","#N/A","#N/A","#N/A","#N/A","#N/A","#N/A","#N/A","#N/A","#N/A","#N/A","#N/A",Test Account 9,"#N/A","#N/A","#N/A",false,false,"#N/A",Never,false,true,"#N/A",Contract Based,Same,No,"#N/A","#N/A","#N/A","#N/A","#N/A","#N/A","#N/A","#N/A","#N/A","#N/A","#N/A","#N/A","#N/A","#N/A"
b00dc62f-8c00-4c4c-8237-b1baba7195c1,"#N/A","#N/A","#N/A","#N/A","#N/A","#N/A","#N/A","#N/A","#N/A","#N/A","#N/A","#N/A","#N/A","#N/A","#N/A",Test Account 12,"#N/A","#N/A","#N/A",false,false,"#N/A","#N/A",false,false,"#N/A","#N/A","#N/A","#N/A","#N/A","#N/A","#N/A","#N/A","#N/A","#N/A","#N/A","#N/A","#N/A","#N/A","#N/A","#N/A","#N/A","#N/A"
b2ad1e8c-a7a9-4e12-95d8-d0fae9a6accd,"#N/A","#N/A","#N/A","#N/A","#N/A","#N/A","#N/A","#N/A","#N/A","#N/A","#N/A","#N/A","#N/A","#N/A","#N/A",SBI Test Account,"#N/A","#N/A","#N/A",false,false,"#N/A","#N/A",false,false,"#N/A","#N/A","#N/A","#N/A","#N/A","#N/A","#N/A","#N/A","#N/A","#N/A","#N/A","#N/A","#N/A","#N/A","#N/A","#N/A","#N/A","#N/A"
b3d66db0-81de-46c8-aeaa-823e6169e66d,"#N/A","#N/A","#N/A","#N/A","#N/A","#N/A","#N/A","#N/A","#N/A","#N/A","#N/A","#N/A","#N/A",Insurance,"#N/A",Test Account 6,50,"#N/A",(773) 748-2074,false,false,"#N/A",Never,false,true,"#N/A",Contract Based,Same,No,"#N/A","#N/A","#N/A","#N/A","#N/A","#N/A","#N/A","#N/A","#N/A","#N/A","#N/A","#N/A","#N/A",www.google.com
b4a5452a-47f4-410b-95c7-803e399f9649,"#N/A","#N/A","#N/A","#N/A","#N/A","#N/A","#N/A","#N/A","#N/A","#N/A","#N/A","#N/A","#N/A","#N/A","#N/A",Test Account 5,"#N/A","#N/A","#N/A",false,false,"#N/A","#N/A",false,false,"#N/A","#N/A","#N/A","#N/A","#N/A","#N/A","#N/A","#N/A","#N/A","#N/A","#N/A","#N/A","#N/A","#N/A","#N/A","#N/A","#N/A","#N/A"
b726b9ea-2b0b-46f2-87cd-9df95165fc4a,"#N/A","#N/A","#N/A","#N/A","#N/A","#N/A","#N/A","#N/A","#N/A","#N/A","#N/A","#N/A","#N/A","#N/A","#N/A",Test Account 9,"#N/A","#N/A","#N/A",false,false,"#N/A",Never,false,true,"#N/A",Contract Based,Same,No,"#N/A","#N/A","#N/A","#N/A","#N/A","#N/A","#N/A","#N/A","#N/A","#N/A","#N/A","#N/A","#N/A","#N/A"
b78c8ce3-5196-4f5a-bcc9-1433451921c8,"#N/A","#N/A","#N/A","#N/A","#N/A","#N/A","#N/A","#N/A","#N/A","#N/A","#N/A","#N/A","#N/A","#N/A","#N/A",SBI Test Account,"#N/A","#N/A","#N/A",false,false,"#N/A","#N/A",false,false,"#N/A","#N/A","#N/A","#N/A","#N/A","#N/A","#N/A","#N/A","#N/A","#N/A","#N/A","#N/A","#N/A","#N/A","#N/A","#N/A","#N/A","#N/A"
b78d2ed6-ebf5-40e5-b706-da0c6c50d898,"#N/A","#N/A","#N/A","#N/A","#N/A","#N/A","#N/A","#N/A","#N/A","#N/A","#N/A","#N/A","#N/A","#N/A","#N/A",Test Account 5,"#N/A","#N/A","#N/A",false,false,"#N/A",Never,false,false,"#N/A","#N/A",Same,No,"#N/A","#N/A","#N/A","#N/A","#N/A","#N/A","#N/A","#N/A","#N/A","#N/A","#N/A","#N/A","#N/A","#N/A"
b9986277-2cf9-4e98-8f92-bf2d5847a1aa,"#N/A","#N/A","#N/A","#N/A","#N/A","#N/A","#N/A","#N/A","#N/A","#N/A","#N/A","#N/A","#N/A",Insurance,"#N/A",Test Account 6,50,"#N/A",(773) 748-2074,false,false,"#N/A","#N/A",false,false,"#N/A","#N/A","#N/A","#N/A","#N/A","#N/A","#N/A","#N/A","#N/A","#N/A","#N/A","#N/A","#N/A","#N/A","#N/A","#N/A","#N/A",www.google.com
bee5158f-6128-4301-ba6d-f3f21973d4e7,"#N/A","#N/A","#N/A","#N/A","#N/A","#N/A","#N/A","#N/A","#N/A","#N/A","#N/A","#N/A","#N/A","#N/A","#N/A",Test Account 8,"#N/A","#N/A","#N/A",false,false,"#N/A",Never,false,true,"#N/A",Contract Based,Same,No,"#N/A","#N/A","#N/A","#N/A","#N/A","#N/A","#N/A","#N/A","#N/A","#N/A","#N/A","#N/A","#N/A","#N/A"
bef20b5e-f76a-422b-9f66-4b73d8bbc746,"#N/A","#N/A","#N/A","#N/A","#N/A","#N/A","#N/A","#N/A","#N/A","#N/A","#N/A","#N/A","#N/A","#N/A","#N/A",Test Account 5,"#N/A","#N/A","#N/A",false,false,"#N/A","#N/A",false,false,"#N/A","#N/A","#N/A","#N/A","#N/A","#N/A","#N/A","#N/A","#N/A","#N/A","#N/A","#N/A","#N/A","#N/A","#N/A","#N/A","#N/A","#N/A"
befc54c4-edd9-43f8-84c9-81f88bd97174,"#N/A","#N/A","#N/A","#N/A","#N/A","#N/A","#N/A","#N/A","#N/A","#N/A","#N/A","#N/A","#N/A",Insurance,"#N/A",Test Account 6,50,"#N/A",(773) 748-2074,false,false,"#N/A",Never,false,true,"#N/A",Contract Based,Same,No,"#N/A","#N/A","#N/A","#N/A","#N/A","#N/A","#N/A","#N/A","#N/A","#N/A","#N/A","#N/A","#N/A",www.google.com
c1bd74d5-8b53-4645-9620-9156105c51c2,"#N/A","#N/A","#N/A","#N/A","#N/A","#N/A","#N/A","#N/A","#N/A","#N/A","#N/A","#N/A","#N/A","#N/A","#N/A",Test Account 8,"#N/A","#N/A","#N/A",false,false,"#N/A",Never,false,true,"#N/A",Contract Based,Same,No,"#N/A","#N/A","#N/A","#N/A","#N/A","#N/A","#N/A","#N/A","#N/A","#N/A","#N/A","#N/A","#N/A","#N/A"
c3ed7cc9-c2d7-44b2-afef-4bfeb8001d2b,"#N/A","#N/A","#N/A","#N/A","#N/A","#N/A","#N/A","#N/A","#N/A","#N/A","#N/A","#N/A","#N/A","#N/A","#N/A",Test Account 9,"#N/A","#N/A","#N/A",false,false,"#N/A",Never,false,true,"#N/A",Contract Based,Same,No,"#N/A","#N/A","#N/A","#N/A","#N/A","#N/A","#N/A","#N/A","#N/A","#N/A","#N/A","#N/A","#N/A","#N/A"
c5c47039-d57f-47c1-975c-10c7d7203f11,"#N/A","#N/A","#N/A","#N/A","#N/A","#N/A","#N/A","#N/A","#N/A","#N/A","#N/A","#N/A","#N/A","#N/A","#N/A",Test Account 10,"#N/A","#N/A","#N/A",false,false,"#N/A","#N/A",false,false,"#N/A","#N/A","#N/A","#N/A","#N/A","#N/A","#N/A","#N/A","#N/A","#N/A","#N/A","#N/A","#N/A","#N/A","#N/A","#N/A","#N/A","#N/A"
c68b12ef-f3d4-466c-a7e7-1e314f80e943,"#N/A","#N/A","#N/A","#N/A","#N/A","#N/A","#N/A","#N/A","#N/A","#N/A","#N/A","#N/A","#N/A","#N/A","#N/A",Test Account 10,"#N/A","#N/A","#N/A",false,false,"#N/A","#N/A",false,false,"#N/A","#N/A","#N/A","#N/A","#N/A","#N/A","#N/A","#N/A","#N/A","#N/A","#N/A","#N/A","#N/A","#N/A","#N/A","#N/A","#N/A","#N/A"
c7416e8b-7d2c-49d8-a33d-ebcfadff3a2b,"#N/A","#N/A","#N/A","#N/A","#N/A","#N/A","#N/A","#N/A","#N/A","#N/A","#N/A","#N/A","#N/A","#N/A","#N/A",Test Account 12,"#N/A","#N/A","#N/A",false,false,"#N/A",Never,false,true,"#N/A",Contract Based,Same,No,"#N/A","#N/A","#N/A","#N/A","#N/A","#N/A","#N/A","#N/A","#N/A","#N/A","#N/A","#N/A","#N/A","#N/A"
cb004a91-2ee9-40ce-845e-a488d1657b98,"#N/A","#N/A","#N/A","#N/A","#N/A","#N/A","#N/A","#N/A","#N/A","#N/A","#N/A","#N/A","#N/A","#N/A","#N/A",Test Account 5,"#N/A","#N/A","#N/A",false,false,"#N/A",Never,false,true,"#N/A","#N/A",Same,No,"#N/A","#N/A","#N/A","#N/A","#N/A","#N/A","#N/A","#N/A","#N/A","#N/A","#N/A","#N/A","#N/A","#N/A"
cbcc1db7-d8c7-4d7a-bbf9-f8c81f89841d,"#N/A","#N/A","#N/A","#N/A","#N/A","#N/A","#N/A","#N/A","#N/A","#N/A","#N/A","#N/A","#N/A","#N/A","#N/A",Test Account 5,"#N/A","#N/A","#N/A",false,false,"#N/A","#N/A",false,false,"#N/A","#N/A","#N/A","#N/A","#N/A","#N/A","#N/A","#N/A","#N/A","#N/A","#N/A","#N/A","#N/A","#N/A","#N/A","#N/A","#N/A","#N/A"
cdd888b4-b5cf-45f1-82a7-581aa5f2fef3,"#N/A","#N/A","#N/A","#N/A","#N/A","#N/A","#N/A","#N/A","#N/A","#N/A","#N/A","#N/A","#N/A","#N/A",Test Account 5,"#N/A","#N/A","#N/A",false,false,"#N/A","#N/A",false,false,"#N/A","#N/A","#N/A","#N/A","#N/A","#N/A","#N/A","#N/A","#N/A","#N/A","#N/A","#N/A","#N/A","#N/A","#N/A","#N/A"
d44c06e8-203e-4c11-acbc-a25bc7bbcd4b,"#N/A","#N/A","#N/A","#N/A","#N/A","#N/A","#N/A","#N/A","#N/A","#N/A","#N/A","#N/A","#N/A","#N/A","#N/A",Test Account 9,"#N/A","#N/A","#N/A",false,false,"#N/A","#N/A",false,false,"#N/A","#N/A","#N/A","#N/A","#N/A","#N/A","#N/A","#N/A","#N/A","#N/A","#N/A","#N/A","#N/A","#N/A","#N/A","#N/A","#N/A","#N/A"
d46eee62-41ac-4deb-9af1-46445b2f74e9,"#N/A",5555.0,"#N/A","#N/A","#N/A","#N/A","#N/A","#N/A","#N/A","#N/A","#N/A","#N/A","#N/A",Government,"#N/A",Test Account 7,50,"#N/A",(656) 565-6565,false,false,"#N/A",Never,false,false,"#N/A","#N/A",Same,No,"#N/A","#N/A","#N/A","#N/A","#N/A","#N/A","#N/A","#N/A","#N/A","#N/A","#N/A","#N/A",Analyst,www.google.com
d5a53da3-98e1-4657-8743-abe0f58ee722,"#N/A","#N/A","#N/A","#N/A","#N/A","#N/A","#N/A","#N/A","#N/A","#N/A","#N/A","#N/A","#N/A","#N/A","#N/A",Test Account 12,"#N/A","#N/A","#N/A",false,false,"#N/A","#N/A",false,false,"#N/A","#N/A","#N/A","#N/A","#N/A","#N/A","#N/A","#N/A","#N/A","#N/A","#N/A","#N/A","#N/A","#N/A","#N/A","#N/A","#N/A","#N/A"
d63750e7-bab1-479c-8fcf-5e6b4103675f,"#N/A","#N/A","#N/A","#N/A","#N/A","#N/A","#N/A","#N/A","#N/A","#N/A","#N/A","#N/A","#N/A",Insurance,"#N/A",Test Account 6,50,"#N/A",(773) 748-2074,false,false,"#N/A","#N/A",false,false,"#N/A","#N/A","#N/A","#N/A","#N/A","#N/A","#N/A","#N/A","#N/A","#N/A","#N/A","#N/A","#N/A","#N/A","#N/A","#N/A","#N/A",www.google.com
e09d8f19-cb7d-4bcf-a9da-c6ddcd763a10,"#N/A",5555.0,"#N/A","#N/A","#N/A","#N/A","#N/A","#N/A","#N/A","#N/A","#N/A","#N/A","#N/A",Government,"#N/A",Test Account 7,50,"#N/A",(656) 565-6565,false,false,"#N/A",Never,false,false,"#N/A","#N/A",Same,No,"#N/A","#N/A","#N/A","#N/A","#N/A","#N/A","#N/A","#N/A","#N/A","#N/A","#N/A","#N/A",Analyst,www.google.com
e0fc454d-144a-44d1-a013-11198b4360b5,"#N/A","#N/A","#N/A","#N/A","#N/A","#N/A","#N/A","#N/A","#N/A","#N/A","#N/A","#N/A","#N/A","#N/A","#N/A",Test Account 9,"#N/A","#N/A","#N/A",false,false,"#N/A","#N/A",false,false,"#N/A","#N/A","#N/A","#N/A","#N/A","#N/A","#N/A","#N/A","#N/A","#N/A","#N/A","#N/A","#N/A","#N/A","#N/A","#N/A","#N/A","#N/A"
e102f0dc-c24e-4bbc-ad79-3846414dcd7f,"#N/A","#N/A","#N/A","#N/A","#N/A","#N/A","#N/A","#N/A","#N/A","#N/A","#N/A","#N/A","#N/A","#N/A","#N/A",Test Account 12,"#N/A","#N/A","#N/A",false,false,"#N/A",Never,false,true,"#N/A",Contract Based,Same,No,"#N/A","#N/A","#N/A","#N/A","#N/A","#N/A","#N/A","#N/A","#N/A","#N/A","#N/A","#N/A","#N/A","#N/A"
e23b737b-72fc-4c65-beb8-7ae1f9a80ea9,"#N/A","#N/A","#N/A","#N/A","#N/A","#N/A","#N/A","#N/A","#N/A","#N/A","#N/A","#N/A","#N/A","#N/A","#N/A",Test Account 10,"#N/A","#N/A","#N/A",false,false,"#N/A",Never,false,true,"#N/A",Contract Based,Same,No,"#N/A","#N/A","#N/A","#N/A","#N/A","#N/A","#N/A","#N/A","#N/A","#N/A","#N/A","#N/A","#N/A","#N/A"
e399ba77-f1a6-4569-ae25-2522745cee89,"#N/A","#N/A","#N/A","#N/A","#N/A","#N/A","#N/A","#N/A","#N/A","#N/A","#N/A","#N/A","#N/A","#N/A","#N/A",Test Account 10,"#N/A","#N/A","#N/A",false,false,"#N/A",Never,false,true,"#N/A",Contract Based,Same,No,"#N/A","#N/A","#N/A","#N/A","#N/A","#N/A","#N/A","#N/A","#N/A","#N/A","#N/A","#N/A","#N/A","#N/A"
e4c93a9a-8f05-4925-9974-f7afe48b3665,"#N/A","#N/A","#N/A","#N/A","#N/A","#N/A","#N/A","#N/A","#N/A","#N/A","#N/A","#N/A","#N/A","#N/A","#N/A",Test Account 10,"#N/A","#N/A","#N/A",false,false,"#N/A",Never,false,true,"#N/A",Contract Based,Same,No,"#N/A","#N/A","#N/A","#N/A","#N/A","#N/A","#N/A","#N/A","#N/A","#N/A","#N/A","#N/A","#N/A","#N/A"
e63360f4-7fef-4b4d-b672-00b406b45c96,"#N/A",5555.0,"#N/A","#N/A","#N/A","#N/A","#N/A","#N/A","#N/A","#N/A","#N/A","#N/A","#N/A",Government,"#N/A",Test Account 7,50,"#N/A",(656) 565-6565,false,false,"#N/A",Never,false,false,"#N/A","#N/A",Same,No,"#N/A","#N/A","#N/A","#N/A","#N/A","#N/A","#N/A","#N/A","#N/A","#N/A","#N/A","#N/A",Analyst,www.google.com
e6d779af-3635-4f81-ac84-fe4d64b2e1c4,"#N/A","#N/A","#N/A","#N/A","#N/A","#N/A","#N/A","#N/A","#N/A","#N/A","#N/A","#N/A","#N/A","#N/A","#N/A",Test Account 5,"#N/A","#N/A","#N/A",false,false,"#N/A",Never,false,false,"#N/A","#N/A",Same,No,"#N/A","#N/A","#N/A","#N/A","#N/A","#N/A","#N/A","#N/A","#N/A","#N/A","#N/A","#N/A","#N/A","#N/A"
e95e0a1b-9c18-4263-8c0c-d27e9ecd58e2,"#N/A",5555.0,"#N/A","#N/A","#N/A","#N/A","#N/A","#N/A","#N/A","#N/A","#N/A","#N/A","#N/A",Government,"#N/A",Test Account 7,50,"#N/A",(656) 565-6565,false,false,"#N/A",Never,false,false,"#N/A","#N/A",Same,No,"#N/A","#N/A","#N/A","#N/A","#N/A","#N/A","#N/A","#N/A","#N/A","#N/A","#N/A","#N/A",Analyst,www.google.com
ee114b7d-1d63-4bfa-a8bf-e47550c6cada,"#N/A",5555.0,"#N/A","#N/A","#N/A","#N/A","#N/A","#N/A","#N/A","#N/A","#N/A","#N/A","#N/A",Government,"#N/A",Test Account 7,50,"#N/A",(656) 565-6565,false,false,"#N/A",Never,false,false,"#N/A","#N/A",Same,No,"#N/A","#N/A","#N/A","#N/A","#N/A","#N/A","#N/A","#N/A","#N/A","#N/A","#N/A","#N/A",Analyst,www.google.com
efaad3de-7220-4507-aa24-96aaabdbe1d5,"#N/A",5555.0,"#N/A","#N/A","#N/A","#N/A","#N/A","#N/A","#N/A","#N/A","#N/A","#N/A","#N/A",Government,"#N/A",Test Account 7,50,"#N/A",(656) 565-6565,false,false,"#N/A","#N/A",false,false,"#N/A","#N/A","#N/A","#N/A","#N/A","#N/A","#N/A","#N/A","#N/A","#N/A","#N/A","#N/A","#N/A","#N/A","#N/A","#N/A",Analyst,www.google.com
eff6ed0d-1cc5-4756-bff2-dea38df340d5,"#N/A","#N/A","#N/A","#N/A","#N/A","#N/A","#N/A","#N/A","#N/A","#N/A","#N/A","#N/A","#N/A","#N/A","#N/A",Test Account 8,"#N/A","#N/A","#N/A",false,false,"#N/A",Never,false,true,"#N/A",Contract Based,Same,No,"#N/A","#N/A","#N/A","#N/A","#N/A","#N/A","#N/A","#N/A","#N/A","#N/A","#N/A","#N/A","#N/A","#N/A"
f0971141-58bc-4a0f-a60a-89edf02908c3,"#N/A","#N/A","#N/A","#N/A","#N/A","#N/A","#N/A","#N/A","#N/A","#N/A","#N/A","#N/A","#N/A","#N/A","#N/A",Test Account 10,"#N/A","#N/A","#N/A",false,false,"#N/A","#N/A",false,false,"#N/A","#N/A","#N/A","#N/A","#N/A","#N/A","#N/A","#N/A","#N/A","#N/A","#N/A","#N/A","#N/A","#N/A","#N/A","#N/A","#N/A","#N/A"
f2347a58-d59c-416e-aa4b-d468af4b73a7,"#N/A","#N/A","#N/A","#N/A","#N/A","#N/A","#N/A","#N/A","#N/A","#N/A","#N/A","#N/A","#N/A","#N/A","#N/A",Test Account 8,"#N/A","#N/A","#N/A",false,false,"#N/A","#N/A",false,false,"#N/A","#N/A","#N/A","#N/A","#N/A","#N/A","#N/A","#N/A","#N/A","#N/A","#N/A","#N/A","#N/A","#N/A","#N/A","#N/A","#N/A","#N/A"
f45403bb-307a-4dfb-acde-8f524e1fd5bc,"#N/A",5555.0,"#N/A","#N/A","#N/A","#N/A","#N/A","#N/A","#N/A","#N/A","#N/A","#N/A","#N/A",Government,"#N/A",Test Account 7,50,"#N/A",(656) 565-6565,false,false,"#N/A",Never,false,false,"#N/A","#N/A",Same,No,"#N/A","#N/A","#N/A","#N/A","#N/A","#N/A","#N/A","#N/A","#N/A","#N/A","#N/A","#N/A",Analyst,www.google.com
f4801de3-cd71-4280-af59-74bb8f64d155,"#N/A","#N/A","#N/A","#N/A","#N/A","#N/A","#N/A","#N/A","#N/A","#N/A","#N/A","#N/A","#N/A",Insurance,"#N/A",Test Account 6,50,"#N/A",(773) 748-2074,false,false,"#N/A","#N/A",false,false,"#N/A","#N/A","#N/A","#N/A","#N/A","#N/A","#N/A","#N/A","#N/A","#N/A","#N/A","#N/A","#N/A","#N/A","#N/A","#N/A","#N/A",www.google.com
f4819b4c-e01a-4b1e-9d09-c9206c86ebef,"#N/A","#N/A","#N/A","#N/A","#N/A","#N/A","#N/A","#N/A","#N/A","#N/A","#N/A","#N/A","#N/A","#N/A","#N/A",Test Account 8,"#N/A","#N/A","#N/A",false,false,"#N/A","#N/A",false,false,"#N/A","#N/A","#N/A","#N/A","#N/A","#N/A","#N/A","#N/A","#N/A","#N/A","#N/A","#N/A","#N/A","#N/A","#N/A","#N/A","#N/A","#N/A"
f890fa26-06e9-45b3-9321-522d678d6366,"#N/A","#N/A","#N/A","#N/A","#N/A","#N/A","#N/A","#N/A","#N/A","#N/A","#N/A","#N/A","#N/A","#N/A","#N/A",Test Account 5,"#N/A","#N/A","#N/A",false,false,"#N/A",Never,false,false,"#N/A","#N/A",Same,No,"#N/A","#N/A","#N/A","#N/A","#N/A","#N/A","#N/A","#N/A","#N/A","#N/A","#N/A","#N/A","#N/A","#N/A"
fa3f9659-6ed7-410d-a91e-fff402131b86,"#N/A","#N/A","#N/A","#N/A","#N/A","#N/A","#N/A","#N/A","#N/A","#N/A","#N/A","#N/A","#N/A","#N/A","#N/A",Test Account 9,"#N/A","#N/A","#N/A",false,false,"#N/A",Never,false,true,"#N/A",Contract Based,Same,No,"#N/A","#N/A","#N/A","#N/A","#N/A","#N/A","#N/A","#N/A","#N/A","#N/A","#N/A","#N/A","#N/A","#N/A"
fcab15cb-0380-4d37-a186-b8a3340347c3,"#N/A","#N/A","#N/A","#N/A","#N/A","#N/A","#N/A","#N/A","#N/A","#N/A","#N/A","#N/A","#N/A","#N/A","#N/A",Test Account 9,"#N/A","#N/A","#N/A",false,false,"#N/A",Never,false,true,"#N/A",Contract Based,Same,No,"#N/A","#N/A","#N/A","#N/A","#N/A","#N/A","#N/A","#N/A","#N/A","#N/A","#N/A","#N/A","#N/A","#N/A"
fe289a8c-927d-4e47-ba39-801979b5deca,"#N/A","#N/A","#N/A","#N/A","#N/A","#N/A","#N/A","#N/A","#N/A","#N/A","#N/A","#N/A","#N/A",Insurance,"#N/A",Test Account 6,50,"#N/A",(773) 748-2074,false,false,"#N/A","#N/A",false,false,"#N/A","#N/A","#N/A","#N/A","#N/A","#N/A","#N/A","#N/A","#N/A","#N/A","#N/A","#N/A","#N/A","#N/A","#N/A","#N/A","#N/A",www.google.com
fe6ce81a-7ebd-47e1-b4f4-674810f511f1,"#N/A","#N/A","#N/A","#N/A","#N/A","#N/A","#N/A","#N/A","#N/A","#N/A","#N/A","#N/A","#N/A","#N/A","#N/A",SBI Test Account,"#N/A","#N/A","#N/A",false,false,"#N/A","#N/A",false,false,"#N/A","#N/A","#N/A","#N/A","#N/A","#N/A","#N/A","#N/A","#N/A","#N/A","#N/A","#N/A","#N/A","#N/A","#N/A","#N/A","#N/A","#N/A"
fe8f46bb-c5f6-4495-be81-87bfa02b9883,"#N/A","#N/A","#N/A","#N/A","#N/A","#N/A","#N/A","#N/A","#N/A","#N/A","#N/A","#N/A","#N/A",Insurance,"#N/A",Test Account 6,50,"#N/A",(773) 748-2074,false,false,"#N/A",Never,false,true,"#N/A",Contract Based,Same,No,"#N/A","#N/A","#N/A","#N/A","#N/A","#N/A","#N/A","#N/A","#N/A","#N/A","#N/A","#N/A","#N/A",www.google.com
ff5f8bf4-7dd0-4619-8412-3d450c556fa4,"#N/A","#N/A","#N/A","#N/A","#N/A","#N/A","#N/A","#N/A","#N/A","#N/A","#N/A","#N/A","#N/A","#N/A","#N/A",Test Account 8,"#N/A","#N/A","#N/A",false,false,"#N/A",Never,false,true,"#N/A",Contract Based,Same,No,"#N/A","#N/A","#N/A","#N/A","#N/A","#N/A","#N/A","#N/A","#N/A","#N/A","#N/A","#N/A","#N/A","#N/A"
